{
  "config": {
    "seed": 42,
    "dataset_root": "datasets/nanobench_v1_clean",
    "out_dir": "/home/coral/crazyswarm/ros_ws/src/nanobench/benchmarks/task2_control_il/results",
    "dry_run": false
  },
  "checkpoints": {
    "obs_scaler": "/home/coral/crazyswarm/ros_ws/src/nanobench/benchmarks/task2_control_il/results/checkpoints/obs_scaler.pkl",
    "bc_mlp_policy": "/home/coral/crazyswarm/ros_ws/src/nanobench/benchmarks/task2_control_il/results/checkpoints/bc_mlp_policy.pt",
    "bc_lstm": "/home/coral/crazyswarm/ros_ws/src/nanobench/benchmarks/task2_control_il/results/checkpoints/bc_lstm.pt",
    "dynamics_mlp": "/home/coral/crazyswarm/ros_ws/src/nanobench/benchmarks/task2_control_il/results/checkpoints/dynamics_mlp.pt"
  },
  "rows": [
    {
      "trajectory": "B5_helix_fast_rep01",
      "trajectory_type": "unknown",
      "model": "BC-MLP",
      "pos_RMSE_m": 0.6719381178140952,
      "pos_ADE_m": 0.5474617664058988,
      "pos_FDE_m": 1.9978355178567275,
      "vel_RMSE_mps": 0.5433112956937092,
      "heading_error_deg": 3.69177477707063,
      "divergence_rate_pct": 55.35714285714286,
      "action_MSE": 0.01164823318551938,
      "mean_valid_steps": 1120.0,
      "frac_valid_steps": 0.3209169054441261,
      "mean_vbat_V": 3.354207992553711,
      "min_vbat_V": 3.2187514305114746
    },
    {
      "trajectory": "B5_helix_fast_rep01",
      "trajectory_type": "unknown",
      "model": "BC-LSTM",
      "pos_RMSE_m": 0.6400168858091176,
      "pos_ADE_m": 0.5397522649494871,
      "pos_FDE_m": 1.9909318574561394,
      "vel_RMSE_mps": 0.5192621855354479,
      "heading_error_deg": 4.757538554499281,
      "divergence_rate_pct": 50.44776119402985,
      "action_MSE": 0.001555699744362676,
      "mean_valid_steps": 1005.0,
      "frac_valid_steps": 0.28796561604584525,
      "mean_vbat_V": 3.354207992553711,
      "min_vbat_V": 3.2187514305114746
    },
    {
      "trajectory": "B5_helix_fast_rep01",
      "trajectory_type": "unknown",
      "model": "MPPI",
      "pos_RMSE_m": 1.0769994807117946,
      "pos_ADE_m": 0.9988813367022749,
      "pos_FDE_m": 1.9908854646997132,
      "vel_RMSE_mps": 0.8747035722585318,
      "heading_error_deg": 4.6101170378307765,
      "divergence_rate_pct": 84.40925700365408,
      "action_MSE": 0.7048158741897762,
      "mean_valid_steps": 1642.0,
      "frac_valid_steps": 0.47048710601719196,
      "mean_vbat_V": 3.354207992553711,
      "min_vbat_V": 3.2187514305114746
    },
    {
      "trajectory": "B5_helix_slow_rep01",
      "trajectory_type": "unknown",
      "model": "BC-MLP",
      "pos_RMSE_m": 0.4816714395284015,
      "pos_ADE_m": 0.3811143852872792,
      "pos_FDE_m": 1.9991980776674676,
      "vel_RMSE_mps": 0.6389436759682796,
      "heading_error_deg": 7.980898481892182,
      "divergence_rate_pct": 24.094955489614243,
      "action_MSE": 0.005267815400105542,
      "mean_valid_steps": 3370.0,
      "frac_valid_steps": 0.967834577828834,
      "mean_vbat_V": 3.4733335971832275,
      "min_vbat_V": 3.353950262069702
    },
    {
      "trajectory": "B5_helix_slow_rep01",
      "trajectory_type": "unknown",
      "model": "BC-LSTM",
      "pos_RMSE_m": 0.40449730461021016,
      "pos_ADE_m": 0.30784680673663634,
      "pos_FDE_m": 1.9991177716745459,
      "vel_RMSE_mps": 0.4951403115212701,
      "heading_error_deg": 4.715816976932823,
      "divergence_rate_pct": 13.58148893360161,
      "action_MSE": 0.0028537045144735105,
      "mean_valid_steps": 2982.0,
      "frac_valid_steps": 0.8564043653072947,
      "mean_vbat_V": 3.4733335971832275,
      "min_vbat_V": 3.353950262069702
    },
    {
      "trajectory": "B5_helix_slow_rep01",
      "trajectory_type": "unknown",
      "model": "MPPI",
      "pos_RMSE_m": 0.7172206570789397,
      "pos_ADE_m": 0.5663222694947935,
      "pos_FDE_m": 1.9848733229045703,
      "vel_RMSE_mps": 1.3215807879335906,
      "heading_error_deg": 10.044406013262044,
      "divergence_rate_pct": 46.4354527938343,
      "action_MSE": 0.6619014530563634,
      "mean_valid_steps": 519.0,
      "frac_valid_steps": 0.14905226881102815,
      "mean_vbat_V": 3.4733335971832275,
      "min_vbat_V": 3.353950262069702
    },
    {
      "trajectory": "B7_oval_medium_rep01",
      "trajectory_type": "unknown",
      "model": "BC-MLP",
      "pos_RMSE_m": 0.5687563040515895,
      "pos_ADE_m": 0.40816762406908697,
      "pos_FDE_m": 1.3670443719424004,
      "vel_RMSE_mps": 0.6095454732883081,
      "heading_error_deg": 6.139826613267642,
      "divergence_rate_pct": 25.434844596521245,
      "action_MSE": 0.015456352188369991,
      "mean_valid_steps": 3507.0,
      "frac_valid_steps": 1.0,
      "mean_vbat_V": 3.4542198181152344,
      "min_vbat_V": 3.3032870292663574
    },
    {
      "trajectory": "B7_oval_medium_rep01",
      "trajectory_type": "unknown",
      "model": "BC-LSTM",
      "pos_RMSE_m": 0.1958848332241824,
      "pos_ADE_m": 0.17460094861255276,
      "pos_FDE_m": 0.8686860136716547,
      "vel_RMSE_mps": 0.32261973388927806,
      "heading_error_deg": 2.0598893804107523,
      "divergence_rate_pct": 0.8554319931565441,
      "action_MSE": 0.0014703475528764717,
      "mean_valid_steps": 3507.0,
      "frac_valid_steps": 1.0,
      "mean_vbat_V": 3.4542198181152344,
      "min_vbat_V": 3.3032870292663574
    },
    {
      "trajectory": "B7_oval_medium_rep01",
      "trajectory_type": "unknown",
      "model": "MPPI",
      "pos_RMSE_m": 1.2544833196006318,
      "pos_ADE_m": 1.177575317535126,
      "pos_FDE_m": 1.9981103192948677,
      "vel_RMSE_mps": 0.6233171757372357,
      "heading_error_deg": 3.9415855968173026,
      "divergence_rate_pct": 92.67895878524945,
      "action_MSE": 0.6830034870679332,
      "mean_valid_steps": 1844.0,
      "frac_valid_steps": 0.5258055317935557,
      "mean_vbat_V": 3.4542198181152344,
      "min_vbat_V": 3.3032870292663574
    },
    {
      "trajectory": "B8_star_medium_rep01",
      "trajectory_type": "unknown",
      "model": "BC-MLP",
      "pos_RMSE_m": 0.20585983651440218,
      "pos_ADE_m": 0.1993268406205504,
      "pos_FDE_m": 0.5164838277924803,
      "vel_RMSE_mps": 0.2189570940711545,
      "heading_error_deg": 1.3042413745025496,
      "divergence_rate_pct": 0.1722158438576349,
      "action_MSE": 0.0014480501193651525,
      "mean_valid_steps": 3484.0,
      "frac_valid_steps": 1.0,
      "mean_vbat_V": 3.582489252090454,
      "min_vbat_V": 3.3418915271759033
    },
    {
      "trajectory": "B8_star_medium_rep01",
      "trajectory_type": "unknown",
      "model": "BC-LSTM",
      "pos_RMSE_m": 0.2035844768240821,
      "pos_ADE_m": 0.19480925057592652,
      "pos_FDE_m": 0.536060274567808,
      "vel_RMSE_mps": 0.22595321673034247,
      "heading_error_deg": 1.3109255800258526,
      "divergence_rate_pct": 0.28702640642939153,
      "action_MSE": 0.0008941913814471467,
      "mean_valid_steps": 3484.0,
      "frac_valid_steps": 1.0,
      "mean_vbat_V": 3.582489252090454,
      "min_vbat_V": 3.3418915271759033
    },
    {
      "trajectory": "B8_star_medium_rep01",
      "trajectory_type": "unknown",
      "model": "MPPI",
      "pos_RMSE_m": 0.9470910148887193,
      "pos_ADE_m": 0.7278380237121035,
      "pos_FDE_m": 1.998668730921642,
      "vel_RMSE_mps": 0.7804017149350662,
      "heading_error_deg": 4.175999889232091,
      "divergence_rate_pct": 45.378151260504204,
      "action_MSE": 0.6233126537954496,
      "mean_valid_steps": 476.0,
      "frac_valid_steps": 0.13662456946039037,
      "mean_vbat_V": 3.582489252090454,
      "min_vbat_V": 3.3418915271759033
    },
    {
      "trajectory": "B8_star_slow_rep01",
      "trajectory_type": "unknown",
      "model": "BC-MLP",
      "pos_RMSE_m": 0.3175011280982944,
      "pos_ADE_m": 0.2580891445547917,
      "pos_FDE_m": 0.13644070237330969,
      "vel_RMSE_mps": 0.33371241851316574,
      "heading_error_deg": 2.337035426035386,
      "divergence_rate_pct": 14.240777809551044,
      "action_MSE": 0.0021042518113231186,