Controller,Speed,n_runs,pos_RMSE_m,pos_RMSE_m_std,pos_MAE_m,pos_MAE_m_std,pos_max_m,pos_max_m_std,x_RMSE_m,x_RMSE_m_std,y_RMSE_m,y_RMSE_m_std,z_RMSE_m,z_RMSE_m_std,vel_RMSE_mps,vel_RMSE_mps_std,heading_error_deg,heading_error_deg_std
PID,slow,6,0.27616842934258967,0.017165322431163428,0.24884481467906508,0.01743592583991145,0.7953784152161488,0.13404577813249163,0.1442071969874319,0.012494434165763867,0.1576296275221334,0.0095855006173268,0.17483480857389733,0.010277719966099283,2.0398200979363863,0.5047883694437192,9.615599716998453,3.956426816206939
PID,medium,3,0.29263577279104136,0.03360358500872149,0.2650077152756049,0.020600889489002037,0.8592866747208822,0.23239419699645636,0.1613828286051777,0.0019359299024533428,0.16724557305550988,0.0013591730256069517,0.1727762554259382,0.053778878309839635,0.7249995250628634,0.13596353426974508,5.824666835793374,0.5834022728019455
PID,fast,1,0.5959383369652782,0.0,0.5589206733504815,0.0,0.9150022561589046,0.0,0.4098673597204315,0.0,0.3800459197198886,0.0,0.20667933569906752,0.0,1.9447600846834177,0.0,8.217333466519493,0.0
Mellinger,slow,5,0.2640811327902635,0.006925229238441346,0.24338322779149166,0.005654968680216443,0.8457872241617015,0.2511179050518399,0.16566705165509843,0.008341717889798676,0.17635344307928855,0.007400147629588805,0.10517771072514652,0.00734828756279634,1.2036582306925072,0.3947168209635593,4.192683490869221,0.8273028523048055
Mellinger,medium,4,0.28283940824829956,0.002143408857872849,0.2699681523108237,0.0017739014069285146,0.48362458391332264,0.09176138520206559,0.17784560520263493,0.0019641411737437594,0.1860138255505923,0.002498829607029269,0.11730960464528048,0.0009365532207240252,0.8856337321577694,0.1770388727372318,5.273118713833932,1.60640287898568
Mellinger,fast,3,0.5573268586571413,0.03399737818073605,0.5174127516934046,0.029785871755618202,0.8431449681289696,0.03674286748800821,0.3823806664891656,0.02445123690449957,0.3875746434849557,0.025159434358049515,0.1185560990203185,0.007318605626724974,1.5364809592616038,0.10638090553002738,2.441343782146076,1.2088173895813776
