model,action_MSE,m1_MAE,m2_MAE,m3_MAE,m4_MAE,train_time_s
BC-MLP,0.001661962817888707,0.04431904852390289,0.02596280723810196,0.022670181468129158,0.024212686344981194,1382.3685579299927
BC-LSTM,0.0011322737409500405,0.0353863500058651,0.02073056437075138,0.016005566343665123,0.020546337589621544,407.6456878185272
