model,pos_RMSE_m,pos_RMSE_m_std,pos_ADE_m,pos_ADE_m_std,pos_FDE_m,pos_FDE_m_std,vel_RMSE_mps,vel_RMSE_mps_std,heading_error_deg,heading_error_deg_std,divergence_rate_pct,divergence_rate_pct_std
BC-MLP,0.5390478497684283,0.27567779118251595,0.43329125906081367,0.22808553828746425,1.4154087107248432,0.7759397157205213,0.5518580449148909,0.23571470080521073,4.078521609187732,2.4033571179611375,28.744734913768895,23.68567577679683
BC-LSTM,0.47958219953671993,0.2754262177058914,0.39119855564038764,0.22747141641154844,1.3813456656549818,0.7710782800881019,0.5034616627189921,0.23260088820218897,3.2905064957801535,1.9407596048204951,24.08194152466699,23.504176270753668
MPPI,1.0589695425770969,0.18903260272164468,0.9290819727150919,0.20704801503713738,1.9932371771612751,0.0057007045532522825,0.8602843868798441,0.4058621903419204,5.6982262533696355,2.752594835123232,74.4192163294506,15.77553784041907
