model,trajectory_type,pos_RMSE_m,pos_ADE_m,n_traj
BC-MLP,unknown,0.5390478497684283,0.43329125906081367,10
BC-LSTM,unknown,0.47958219953671993,0.39119855564038764,10
MPPI,unknown,1.0589695425770969,0.9290819727150919,10
