Controller,Domain,n_runs,pos_RMSE_m,pos_RMSE_m_std,pos_MAE_m,pos_MAE_m_std,pos_FDE_m,pos_FDE_m_std,vel_RMSE_mps,vel_RMSE_mps_std,heading_error_deg,heading_error_deg_std,divergence_rate_pct,divergence_rate_pct_std,pos_max_m,pos_max_m_std
PID,Real,3,0.29263577279104136,0.03360358500872149,0.2650077152756049,0.020600889489002037,0.6090842119490181,0.41353314894165777,0.7249995250628634,0.13596353426974508,5.824666835793374,0.5834022728019455,4.202981384883252,2.4567377270939614,0.8592866747208822,0.23239419699645636
Mellinger,Real,4,0.28283940824829956,0.002143408857872849,0.2699681523108237,0.0017739014069285146,0.4185533032274398,0.16960505732868938,0.8856337321577694,0.1770388727372318,5.273118713833932,1.60640287898568,0.01362589150351863,0.013625948424550203,0.48362458391332264,0.09176138520206559
BC-MLP,Sim,1,0.1469217946751888,0.0,0.1322248716066096,0.0,0.1659773154565421,0.0,0.1919854125834085,0.0,1.0716140914862058,0.0,0.0,0.0,,0.0
BC-LSTM,Sim,1,0.1808941362177849,0.0,0.1584464014501024,0.0,0.094201396183208,0.0,0.2222244516250998,0.0,0.9749610615789676,0.0,0.0,0.0,,0.0
MPPI,Sim,1,1.3152630601053856,0.0,1.1265284800630897,0.0,1.9957197463771692,0.0,0.7208035135690534,0.0,4.496185612382336,0.0,75.22255192878339,0.0,,0.0
